ticker,net_income,equity,ebit,capital_employed,revenue,revenue_3y_ago,profit_3y_ago,total_debt,interest_expense,cfo,capex,total_assets,roe,roce,net_margin,operating_margin,revenue_cagr,profit_cagr,debt_to_equity,interest_coverage,ocf_ratio,fcf,fcf_margin,asset_turnover,final_score,score_debt_to_equity
ADVENTHTL,-98000.0,-651000.0,-99000.0,20194974000.0,0.0,,,5610000.0,,20195584000.0,,20200658000.0,0.1505376344086021,-4.902209827058951e-06,,,,,-8.617511520737327,,-206077.38775510204,,,0.0,4.9523809523809526,4.9523809523809526
ABAN,-8893920000.0,-254019960000.0,2120590000.0,-254014870000.0,4756550000.0,5983390000.0,-21770780000.0,156971950000.0,10766100000.0,1388900000.0,12380000.0,15329850000.0,0.0350126816806049,-0.0083482907910076,-1.869825819133616,0.4458252304716654,-0.0736361798279032,(-0.2579957208892203+0j),-0.6179512428865827,0.1969691903289027,-0.1561628618202097,1376520000.0,0.2893946242549747,0.3102802701918153,4.904761904761904,4.904761904761904
AAATECH,35103000.0,308251000.0,47007000.0,308251000.0,254555000.0,144016000.0,23384000.0,0.0,0.0,16553000.0,2589000.0,325543000.0,0.11387797606496,0.1524958556501033,0.1378994716269568,0.1846634322641472,0.2090853597226047,(0.14500788452667868+0j),0.0,,0.4715551377375153,13964000.0,0.0548565143092848,0.7819397130333012,4.833333333333333,4.833333333333333
AGRITECH,-11126000.0,1001390000.0,-11126000.0,1001470000.0,1802000.0,2845000.0,27492000.0,0.0,0.0,-6389000.0,13045000.0,1019521000.0,-0.0111105563267058,-0.0111096687868832,-6.174250832408435,-6.174250832408435,-0.1412023672673764,(-0.6301596899974662+0.6405822076114126j),0.0,,0.5742405177062736,-19434000.0,-10.784683684794672,0.0017674966969782,4.833333333333333,4.833333333333333
63MOONS,-331704000.0,34143357000.0,-546872000.0,34567865000.0,468204000.0,1597650000.0,-531734000.0,28480000.0,6688000.0,-1427828000.0,112723000.0,36785417000.0,-0.0097150376865403,-0.0158202422972896,-0.7084604146910322,-1.1680207772680284,-0.3357710114789227,(-0.1455524162850491+0j),0.0008341300476107,-81.76913875598086,4.304524515833394,-1540551000.0,-3.290341389650665,0.0127279785899939,4.761904761904762,4.761904761904762
AJAXENGG,2600960000.0,11571370000.0,3513110000.0,11687660000.0,20717980000.0,7619640000.0,662080000.0,17680000.0,4290000.0,427200000.0,234520000.0,14824500000.0,0.2247754587399763,0.3005828369408418,0.1255411965838368,0.1695681721866707,0.3957393375241675,(0.5778815622906077+0j),0.0015279089684281,818.9067599067599,0.1642470472440945,192680000.0,0.0093001344725692,1.3975500016863975,4.714285714285714,4.714285714285714
AEROFLEX,525076000.0,3424162000.0,702845000.0,3443075000.0,3665869000.0,2329870000.0,275060000.0,5835000.0,3364000.0,265839000.0,1034628000.0,4265511000.0,0.1533443803184545,0.2041329334969467,0.1432337052960703,0.1917267092741175,0.1630947194957477,0.24050421187004978,0.0017040665716166,208.93133174791916,0.5062867089716536,-768789000.0,-0.209715349893845,0.8594208290636222,4.666666666666667,4.666666666666667
ITC,347466300000.0,700300500000.0,269720000000.0,737565700000.0,746533200000.0,600813600000.0,152426600000.0,2848400000.0,450600000.0,176270400000.0,22787000000.0,880906800000.0,0.4961674309814144,0.3656894565460405,0.4654398491587514,0.3612967246466734,0.0750692927148013,0.31608511043335197,0.00406739678181,598.5796715490458,0.5073021469995795,153483400000.0,0.2055948750839212,0.8474599128988447,4.6190476190476195,4.6190476190476195
ADOR,600500000.0,5070900000.0,911200000.0,5204100000.0,11178700000.0,6570000000.0,450200000.0,24100000.0,45400000.0,1371100000.0,412700000.0,6939300000.0,0.1184207931530891,0.1750927153590438,0.0537182319947757,0.0815121615214649,0.1938285954905763,0.10078501030905995,0.0047526080183004,20.0704845814978,2.2832639467110742,958400000.0,0.0857344771753424,1.6109261741097805,4.571428571428571,4.571428571428571
ALEMBICLTD,3106768000.0,23385908000.0,1579736000.0,23925333000.0,2111813000.0,713693000.0,2220590000.0,144473000.0,24711000.0,863702000.0,507655000.0,25030036000.0,0.1328478671856572,0.0660277539292765,1.471137832753184,0.7480472939602133,0.4356481223478274,(0.11844203536574271+0j),0.0061777802255956,63.92845291570556,0.2780065972097048,356047000.0,0.168597787777611,0.0843711531217933,4.523809523809524,4.523809523809524
ABB,18716400000.0,70754000000.0,25286600000.0,71173700000.0,120876700000.0,68640200000.0,5197100000.0,518800000.0,154000000.0,13318000000.0,2139500000.0,123913300000.0,0.2645278005483789,0.3552801104902513,0.1548387737256228,0.2091933350265187,0.2075951262611677,(0.532805611309431+0j),0.0073324476354693,164.1987012987013,0.7115684640208587,11178500000.0,0.0924785339110018,0.9754941559945542,4.476190476190476,4.476190476190476
ACEINTEG,-15600000.0,175400000.0,-20800000.0,176600000.0,85500000.0,87400000.0,9900000.0,1400000.0,200000.0,-1500000.0,700000.0,182100000.0,-0.088939566704675,-0.1177802944507361,-0.1824561403508772,-0.2432748538011696,-0.0072995303069919,(-0.4181650494100705+1.007767696041085j),0.0079817559863169,-104.0,0.0961538461538461,-2200000.0,-0.0257309941520467,0.4695222405271829,4.428571428571429,4.428571428571429
ADVANIHOTR,264355000.0,814202000.0,354110000.0,882712000.0,980912000.0,486745000.0,65081000.0,6500000.0,1133000.0,211988000.0,32821000.0,1078191000.0,0.3246798705972228,0.4011614207125313,0.2694992007437976,0.3610007829448513,0.2631148746812264,0.595552518701717,0.0079832768772368,312.54192409532214,0.801906527207732,179167000.0,0.1826534898135612,0.9097757261932256,4.380952380952381,4.380952380952381
ACUTAAS,1587136000.0,13096287000.0,2223814000.0,13470137000.0,9999668000.0,5201350000.0,719461000.0,129387000.0,62184000.0,1183427000.0,1946429000.0,15492611000.0,0.1211897692834618,0.1650921590478255,0.1587188694664663,0.2223887833076058,0.24343522875896,0.3017741057713399,0.0098796704745398,35.76183584201724,0.7456367948304368,-763002000.0,-0.0763027332507439,0.645447562066846,4.333333333333334,4.333333333333334
ACE,4092186000.0,16147255000.0,5777722000.0,16293381000.0,33245835000.0,16295800000.0,1050200000.0,164367000.0,286524000.0,4119842000.0,2209976000.0,27108470000.0,0.2534292051497298,0.3546054683186995,0.1230886816348574,0.1737878444021634,0.2682956991704406,(0.5736003750949064+0j),0.0101792533777412,20.16487973084279,1.0067582460816786,1909866000.0,0.0574467749118047,1.2264002726823018,4.2857142857142865,4.2857142857142865
AJANTPHARM,9203900000.0,37902900000.0,12098900000.0,40188500000.0,45875100000.0,32841300000.0,7126800000.0,474200000.0,207300000.0,11572300000.0,3179200000.0,50149500000.0,0.2428283851631405,0.3010537840426988,0.2006295354124568,0.2637356648813844,0.117855225519361,(0.08899471821491356+0j),0.0125109160512783,58.36420646406175,1.2573256988885146,8393100000.0,0.1829554594976359,0.91476684712709,4.238095238095238,4.238095238095238
AIRAN,184755000.0,1443069000.0,237997000.0,1623737000.0,1064984000.0,872822000.0,96147000.0,22793000.0,844000.0,212180000.0,54089000.0,1788738000.0,0.1280292210559578,0.1465736138303185,0.1734814795339648,0.2234747188690158,0.0685769443124717,(0.2432357428734433+0j),0.015794809534402,281.9869668246445,1.1484398257151365,158091000.0,0.1484444836729941,0.5953828900599193,4.190476190476191,4.190476190476191
ABSLAMC,9306000000.0,37268700000.0,12502000000.0,38563800000.0,16847800000.0,12929616000.0,6727718000.0,680600000.0,56600000.0,7084800000.0,312800000.0,41144300000.0,0.2497001505284595,0.3241900435123094,0.5523569842946854,0.7420553425373045,0.0922427998974746,(0.11420496570488359+0j),0.0182619731839318,220.8833922261484,0.7613152804642166,6772000000.0,0.4019515901185911,0.4094807786254718,4.142857142857142,4.142857142857142
ALIVUS,4856270000.0,28173720000.0,6565450000.0,29412940000.0,23398350000.0,20874480000.0,4187240000.0,566060000.0,24140000.0,3915240000.0,1661870000.0,34114530000.0,0.1723687890700979,0.2232163802734443,0.2075475407453944,0.2805945718394673,0.038779066448582,(0.050650625867320276+0j),0.0200917734683243,271.9739022369511,0.8062237066719932,2253370000.0,0.0963046539606425,0.6858763699807677,4.095238095238095,4.095238095238095
AJOONI,33720000.0,880788000.0,46282000.0,902299000.0,1146919000.0,740378000.0,10488000.0,19397000.0,2990000.0,-177366000.0,20324000.0,950511000.0,0.0382839003256175,0.0512934182571409,0.0294005069233311,0.0403533292237725,0.1570703031548614,(0.4759272881946577+0j),0.022022325463108,15.478929765886289,-5.259964412811388,-197690000.0,-0.1723661391955316,1.2066341157545784,4.0476190476190474,4.0476190476190474
ACC,24021200000.0,185548400000.0,32350000000.0,197444600000.0,206721500000.0,158144000000.0,18629900000.0,4297700000.0,1082200000.0,17114800000.0,19684400000.0,254126100000.0,0.1294605612336188,0.1638434274728202,0.1162007822118163,0.1564907375381854,0.0933964078069191,(0.088415518183528+0j),0.0231621506841341,29.8928109406764,0.7124873028824539,-2569600000.0,-0.0124302503609929,0.8134603254053795,4.0,4.0
ADVENZYMES,1311150000.0,14208630000.0,1909210000.0,15245920000.0,6365070000.0,5289040000.0,1195820000.0,393500000.0,35570000.0,1424970000.0,347810000.0,16213470000.0,0.09227842515429,0.1252276018764364,0.2059914502118594,0.2999511395789834,0.0636745728547554,0.03116664268186553,0.0276944364094215,53.674725892606126,1.0868092895549708,1077160000.0,0.1692298749267486,0.3925791332762203,3.952380952380952,3.952380952380952
AFFLE,3818690000.0,29464570000.0,4769740000.0,29931330000.0,22654990000.0,10816560000.0,2138780000.0,820950000.0,93370000.0,4259910000.0,1599020000.0,36217700000.0,0.1296027737720251,0.1593560994449628,0.1685584500368351,0.2105381639983067,0.2794546697190707,(0.2131544526194331+0j),0.0278622766257915,51.084288315304704,1.115542240925553,2660890000.0,0.1174527113011305,0.6255226035888529,3.9047619047619047,3.9047619047619047
AKUMS,3381760000.0,30470140000.0,3756600000.0,32196950000.0,40710930000.0,36468340000.0,-2525360000.0,882120000.0,304070000.0,4651960000.0,2723120000.0,41134420000.0,0.1109860341961015,0.1166756478486316,0.0830676184503768,0.0922749738215265,0.0373652030881683,(-0.4488838139904592+0.9545612350421045j),0.0289503100412403,12.354392080770875,1.3756032361847086,1928840000.0,0.0473789225645299,0.98970472903228,3.857142857142857,3.857142857142857
ALBERTDAVD,172008000.0,3924834000.0,255241000.0,4072356000.0,3432465000.0,3124268000.0,352583000.0,123171000.0,2964000.0,-284358000.0,148559000.0,5114156000.0,0.043825547781129,0.0626764948840425,0.0501120914561401,0.0743608456313465,0.0318564398765857,(-0.21278065260002144+0j),0.0313824737555779,86.11369770580296,-1.6531672945444398,-432917000.0,-0.1261242285063358,0.6711693972573383,3.8095238095238093,3.8095238095238093
ALANKIT,198568000.0,2967193000.0,347751000.0,3287972000.0,3010058000.0,1281484000.0,23565000.0,115216000.0,38282000.0,492436000.0,384866000.0,4245558000.0,0.0669211608412395,0.1057645868030506,0.0659681640685993,0.1155296675346455,0.3292925127957922,(1.0349196826271818+0j),0.038829964886005,9.0839297842328,2.4799363442246487,107570000.0,0.0357368529111399,0.7089899608013834,3.761904761904762,3.761904761904762
AHLUCONT,2020813000.0,17984474000.0,3132711000.0,22865723000.0,40986231000.0,26711006000.0,1552166000.0,761318000.0,402984000.0,3594264000.0,1887831000.0,37059462000.0,0.1123643093481633,0.1370046772629931,0.0493046799057956,0.0764332538895806,0.1534069912500502,(0.09193298926187143+0j),0.0423319581100898,7.7737850634268355,1.7786227622249065,1706433000.0,0.0416342990893697,1.10595860781789,3.7142857142857144,3.7142857142857144
AEROENTER,531200000.0,7007219000.0,1143864000.0,8467861000.0,5785377000.0,3376238000.0,355438000.0,310665000.0,54173000.0,1396495000.0,1044252000.0,9751019000.0,0.0758075350577739,0.1350829920330529,0.0918176983107583,0.1977164150236017,0.1966474059475933,0.14331193370639972,0.0443349922415725,21.115020397615048,2.6289439006024096,352243000.0,0.0608850555460776,0.5933099914993499,3.666666666666667,3.666666666666667
ABBOTINDIA,14144400000.0,42331500000.0,18983800000.0,45101200000.0,64069700000.0,49103000000.0,7987000000.0,1966700000.0,114300000.0,10118400000.0,526000000.0,59173100000.0,0.3341341554161794,0.4209156297393417,0.2207658222217366,0.2962991866670204,0.0927350863398008,(0.20985581179348878+0j),0.0464594923402194,166.08748906386705,0.7153643844913888,9592400000.0,0.1497181975255073,1.0827504389663547,3.619047619047619,3.619047619047619
AKZOINDIA,4295000000.0,13302000000.0,5790000000.0,14533000000.0,40648000000.0,31087000000.0,2901000000.0,621000000.0,91000000.0,3110000000.0,1065000000.0,29034000000.0,0.3228837768756578,0.3984036331108511,0.1056632552647116,0.1424424325920094,0.0935033627079744,(0.13973831000995007+0j),0.0466847090663058,63.62637362637363,0.7240977881257276,2045000000.0,0.0503099783507183,1.4000137769511607,3.5714285714285716,3.5714285714285716
3MINDIA,4760674000.0,18464969000.0,7842089000.0,19716359000.0,44428602000.0,33339389000.0,2719711000.0,995353000.0,108023000.0,3551044000.0,554202000.0,30145917000.0,0.2578219329802286,0.3977452936416911,0.1071533603510639,0.1765099203436561,0.1004449890136458,(0.20517069205092286+0j),0.0539049375062584,72.59647482480582,0.7459120284228662,2996842000.0,0.067452988955178,1.4737850568619293,3.5238095238095237,3.5238095238095237
AKSHAR,-44481000.0,882116000.0,-47881000.0,922831000.0,1167691000.0,1725194000.0,70236000.0,59412000.0,10895000.0,-295716000.0,25095000.0,981131000.0,-0.0504253408848722,-0.0518849063371299,-0.0380931256642382,-0.0410048548802722,-0.1219956560187202,(-0.5706202141676439+0.7437076048046838j),0.0673516861727936,-4.394768242312988,6.648141903284548,-320811000.0,-0.274739635742675,1.190147900739045,3.4761904761904763,3.4761904761904763
AIAENG,10607360000.0,69269984000.0,13895215000.0,70461916000.0,42376384000.0,35231634000.0,6196809000.0,4905682000.0,210913000.0,11623070000.0,1370658000.0,78340737000.0,0.1531306835584082,0.197201776346814,0.2503130045262946,0.3278999690016024,0.0634825540483912,(0.19622552748886735+0j),0.0708197362944388,65.88126383864437,1.0957552114758056,10252412000.0,0.2419369241132042,0.5409239895202926,3.428571428571429,3.428571428571429
AIIL,42414100000.0,146893400000.0,41181800000.0,150493600000.0,28448800000.0,8928665000.0,6687378000.0,10542000000.0,510100000.0,3257200000.0,725000000.0,160874200000.0,0.2887406786145599,0.2736448593162766,1.4908924102246843,1.4475759961755856,0.4714961872084549,(0.8510499062778618+0j),0.0717663285076116,80.7327974906881,0.0767952166850174,2532200000.0,0.08900902674278,0.1768387970227668,3.3809523809523814,3.3809523809523814
INFY,3158000000.0,11205000000.0,4496000000.0,12407000000.0,19277000000.0,16311000000.0,2963000000.0,962000000.0,49000000.0,4351000000.0,263000000.0,17419000000.0,0.2818384649709951,0.3623760780204723,0.1638221714997146,0.2332313119261296,0.0572709184170099,0.0214728425629529,0.0858545292280232,91.75510204081633,1.3777707409753008,4088000000.0,0.2120661928723349,1.1066651357712842,3.333333333333334,3.333333333333334
AETHER,1584180000.0,22258850000.0,2224750000.0,22935170000.0,8386900000.0,5900480000.0,1089290000.0,1998700000.0,94910000.0,1000910000.0,4522940000.0,26442200000.0,0.0711707927408648,0.0970016790806434,0.1888874315897411,0.2652648773682767,0.1243582409459989,(0.1329750249163104+0j),0.0897934978671404,23.44062796333369,0.6318158290093298,-3522030000.0,-0.4199441986908154,0.3171786008728472,3.2857142857142856,3.2857142857142856
TCS,485530000000.0,947560000000.0,661270000000.0,1066280000000.0,2553240000000.0,1917540000000.0,383270000000.0,93920000000.0,7960000000.0,489080000000.0,39370000000.0,1596290000000.0,0.5124002701675884,0.6201654349701767,0.1901623035828986,0.2589924958092462,0.1001428211494679,0.082024466052522,0.0991177339693528,83.07412060301507,1.0073115976355735,449710000000.0,0.176133070138334,1.599483803068365,3.2380952380952377,3.2380952380952377
ADFFOODS,692557000.0,4926606000.0,941768000.0,5589221000.0,5580117000.0,4057961000.0,480981000.0,592336000.0,25761000.0,374157000.0,412382000.0,6281978000.0,0.1405748704077411,0.1684971841335313,0.124111555367029,0.1687720884705464,0.1120179870117441,0.12921299515899065,0.1202320623975207,36.55789759714297,0.5402544483703147,-38225000.0,-0.0068502147894031,0.8882738844357622,3.1904761904761902,3.1904761904761902
ACI,1621487000.0,18640132000.0,2304394000.0,21961560000.0,10394407000.0,11295843000.0,1882092000.0,2345752000.0,66725000.0,1762337000.0,2635721000.0,23934340000.0,0.0869890299060114,0.1049285205604702,0.1559961044434762,0.2216955714741591,-0.0273415663384923,(-0.04846622683782342+0j),0.1258441732064987,34.53569127013863,1.0868647112187764,-873384000.0,-0.0840244181317895,0.4342884324364072,3.142857142857143,3.142857142857143
ADSL,278100000.0,6017600000.0,675400000.0,7148900000.0,8070700000.0,4846700000.0,610300000.0,949000000.0,69200000.0,922700000.0,106700000.0,9253500000.0,0.0462144376495612,0.0944760732420372,0.0344579776227588,0.0836854300122666,0.1852819982876667,-0.2304812499296025,0.1577040680670034,9.760115606936417,3.31787126932758,816000000.0,0.1011064715576096,0.87217809477495,3.0952380952380953,3.0952380952380953
AARTECH,27642000.0,314556000.0,21568000.0,319872000.0,363522000.0,163364000.0,27975000.0,56375000.0,4219000.0,-15216000.0,4907000.0,428093000.0,0.0878762446114523,0.0674269707883153,0.0760394143958274,0.0593306594924103,0.3055438004565345,-0.0039836770276612254,0.1792208700517555,5.112111874851861,-0.5504666811373996,-20123000.0,-0.0553556593548671,0.8491659522580374,3.047619047619048,3.047619047619048
3IINFOLTD,253500000.0,3068800000.0,184700000.0,3508400000.0,7257600000.0,6770100000.0,-574900000.0,635100000.0,68600000.0,282500000.0,21600000.0,5728200000.0,0.0826055787278415,0.0526450803785201,0.0349289021164021,0.0254491843033509,0.0234484712960969,(-0.6194323317279858+0.6591625371651465j),0.20695385818561,2.692419825072886,1.1143984220907297,260900000.0,0.0359485229276895,1.2669948674976432,3.0,3.0
AARTIPHARM,2724048000.0,19899064000.0,3875859000.0,22493556000.0,20860021000.0,11920336000.0,1222511000.0,4208179000.0,268964000.0,3315615000.0,4438784000.0,29064051000.0,0.1368932729700251,0.1723097495122603,0.1305870209814266,0.1858032165931185,0.2050602138667325,0.30613277315594245,0.2114762282286242,14.410326289020093,1.2171646755123258,-1123169000.0,-0.053843138508825,0.7177258600323816,2.9523809523809526,2.9523809523809526
AARVI,100445000.0,1253234000.0,142944000.0,1329499000.0,5040768000.0,2834715000.0,120674000.0,267812000.0,30751000.0,-24026000.0,98958000.0,2130294000.0,0.0801486394400407,0.1075171925665231,0.019926527068891,0.0283575836063076,0.2115158564490735,-0.05932802641100321,0.2136967238360912,4.648434197261878,-0.2391955796704664,-122984000.0,-0.0243978695309921,2.366231139927165,2.904761904761904,2.904761904761904
AKG,8582000.0,529066000.0,20746000.0,533847000.0,1326906000.0,1863403000.0,19390000.0,113333000.0,10087000.0,12085000.0,69000.0,788366000.0,0.016221038584978,0.0388613216895477,0.0064676774390951,0.0156348678806185,-0.1070143996007216,(-0.2379147306803362+0j),0.2142133495631925,2.0567066521265,1.4081799114425542,12016000.0,0.009055652774198,1.6831091142946295,2.8571428571428568,2.8571428571428568
ADROITINFO,6883000.0,746763000.0,25330000.0,768019000.0,317122000.0,63710000.0,6187000.0,162217000.0,8074000.0,-134150000.0,84069000.0,964756000.0,0.0092171143990797,0.0329809548982512,0.021704580571515,0.0798746223850757,0.7074169517045368,0.036173667270612775,0.217226884567125,3.1372306167946493,-19.49004794421037,-218219000.0,-0.688123182875991,0.3287069476634506,2.8095238095238093,2.8095238095238093
ACCELYA,1290159000.0,2776759000.0,1780290000.0,3429080000.0,5284914000.0,3683981000.0,761877000.0,620263000.0,34219000.0,1445631000.0,192527000.0,4493375000.0,0.4646276468357534,0.5191742391545254,0.2441210963887018,0.3368626244438414,0.1278210105854778,(0.19193559969232576+0j),0.2233766056038712,52.02635962476987,1.1205060771579316,1253104000.0,0.2371096294092959,1.1761568976548809,2.761904761904762,2.761904761904762
AAREYDRUGS,40239000.0,1384805000.0,99842000.0,1413859000.0,4722350000.0,4916097000.0,65548000.0,348560000.0,38823000.0,103004000.0,52044000.0,2905920000.0,0.0290575207339661,0.0706166597942227,0.0085209694325918,0.0211424396751617,-0.0133133712038844,-0.15011027626667095,0.251703308408043,2.571722947737166,2.559805164144238,50960000.0,0.0107912374135758,1.6250791487721616,2.7142857142857144,2.7142857142857144
AKSHARCHEM,47704000.0,2637112000.0,104058000.0,2999178000.0,3462652000.0,3682191000.0,159148000.0,667667000.0,45794000.0,348225000.0,442028000.0,4153000000.0,0.0180894857707977,0.0346955065687998,0.0137767237366041,0.0300515327558183,-0.0202825468435253,(-0.3307559217928042+0j),0.253181131480195,2.2723064156876447,7.299702331041422,-93803000.0,-0.02708992991499,0.8337712496990127,2.6666666666666665,2.6666666666666665
AHLADA,37056000.0,1391440000.0,103797000.0,1472075000.0,1319951000.0,1312625000.0,51826000.0,357578000.0,45827000.0,135926000.0,377000.0,2116235000.0,0.0266314034381647,0.0705106737088803,0.0280737694050764,0.07863701001022,0.0018569438732221,(-0.10579529838689905+0j),0.2569841315471741,2.264974796517337,3.668123920552677,135549000.0,0.1026924484317978,0.6237260984720506,2.619047619047619,2.619047619047619
